-1|0.75|1.5|1|5.75|8.25|4|7.25|13.5|2|4.75|7.5|10.5|5.5|6|11|7|11|8|4|6|5|8|7|48.8|50.92|49.67|49.8|48.07|50.67|48.07|48.01|47.09|47.55|3|8.5|4|7.5|8|0.2|3|5|3|3.5|4|11|8|10|8|4|4|5|9|5|72.93|76.95|73.43|74.29|73.06|75.15|73.8|72.83|71.28|71.21|0|3.5|2|3.75|0|109|0|2|1|6|3|3|0|0|0|0|0|0|0|0|0|1|0|0|0|0|0|0|0|0|0|0|0|0|0|0|0|0|1|0|0|0|0|0|37|0|0|0|0|0|0|0|0|0|0|0|1|3|106|1|-1|0|0|1|0|2|2|4|4|4|4|2|2|2|2|4|0|8.5|8.5|8.5|8.5|2|4|-34|49|107|107|107|106|20486|11389|0|4.8|2|2|0|2|2|0|0|4|4|1.25|5.75|3|7.25|2.75|-4.25|-4|1.5|4|0.75|103.13|138.43|120.18|146.46|134.11|104.7|100.1|133.53|100.18|94.84|8|52.5327|0|0|0|55.4825|56.7308|0|0|1|0|1|3|7|0|1|0|0|56|41783|41783|83|115|71|269|2|37|6|0.86|923|16|0|4|2|321|0|0|0|0|78.5547|4|4|0|0|-13.2661|-8|4.82|4.8|4.8182|99|-1|17|22|25|101.7927|1|6|189|1|95|11|0|10|38|32|0|0|6|9|20.2|0|0|1|101.6112|9|7|0|2|0|0|0|12|0|12|0|0|0|12|2|8|8|8|0|0|0|0|0|0|0|0|0|0|0|0|0|0|0|0|0|1|0|0|0|0|1|0|0|0|0|0|0|0|0|0|2|3|2|60|0|0|2|4|94|107|0.874|715|102|8|5|0|1|2012-12-01|8.5|6|3|100.1552|104.8112|9|10.8|107|2|1|2013-11-16|11|11|10|94.0792|101.6112|7|12|108|2|1|2013-10-17|10|7|3|99.1272|105.728|8|9.2|110|2|1|2013-08-17|12|11|9|97.3608|102.5808|9|11.6|110|2|1|2013-07-13|11|8|3|104.184|107.7984|9|5.2|114|2|1|2013-05-24|8.5|4|1|93.9488|102.4232|8|13.6|103|2|1|2013-04-13|8|6|1|109.4368|107.5944|4|8.4|109|2|1|2013-03-02|11|5|2|102.2752|104.7864|7|9.6|109|2|1|2013-02-02|8.5|8|5|96.4536|101.6792|9|14|105|2|1|2013-01-12|8|7|2|100.5016|106.3144|8|9.6|108|2|3|3|3|0|17|107.4742|0|85|2|0|0|0|17|4|4|4|4|0|5|0|0|3|3|5|1|0|1.5|7.5|4|5.25|2.5|-2|-1.5|1.5|2.5|1.5|0|3|11|3|9|4|1|1|4|5|3|0|0|0|2|2|2|22|18|29|13|0|1|14|23|6|2|406|109.4368|315|107.7984|315|5.2|0|0|0.95|355|24|2|0|0|29|9|371|0|0.665|0|0|0|0|0|0|0|4.8182|28.7037|46|4682|120|4|209|4|67.5371|67.5371|0|1|2|6.937|0|13.2624|5.3362|2|3|4|0|3|1|2|4|0|4|3|1|1|3|4|2|1|4|3|1|2|0|4|3|1|4|0|4|1|4|3|4|3|1|4|4|3|3|1|2|3|3|3up  NW3 |NW3 |3up  NW3 |null|2014-05-24|2014-05-24|2014-05-24|2014-05-24|(BB)|Exclusive Strike|Exclusive St|Exclusive Strike|Lezcano Jose             |GR3 |2013-11-16|Lezcano Jose|RedSmthHG3  |never in contention   |AQU|Servis Jason        |Mr. Amore Stable|7|7|7|7|13:53:00|GP|inside,swung out lane |AQU|never in contention   |BEL|slip 2p 3/8, 4w upper |SAR|failed to threaten    |BEL|3w upper, belated kick|BEL|bid 4w 5/16,kick clear|AQU|ins 1st turn, 3w upper|GP|bid str, outfinished  |GP|5 wide, flattened out |GP|rail bid, vied, held 2|T|B |Servis J/Lezcan|BEL|BEL|BEL|BEL|Servis Jason             |F3b|   |   |   |2|3|5|2|0
-4|0|0|1|3.5|2.5|5|6|10|6.5|0.5|16.5|2|8|5|3|7|8|7|6|2|6|3|11|47.51|48.05|22.94|22.08|22.65|48.35|48.86|45.3|48.54|47.53|1.5|1.5|2.5|4.5|6.5|4.5|-0.1|7.5|1.5|8.25|4|3|5|6|7|5|1|6|2|11|71.72|72.96|46.55|44.15|45.29|72.81|71.71|69.28|72.06|70.69|0|4|2|10.7|0|109|0|4|1|2|5.5|5.5|0|0|0|0|0|0|0|0|0|0|0|0|0|0|0|0|0|0|0|0|0|0|1|0|0|0|0|0|0|0|0|0|27|0|0|0|0|0|0|0|0|103|0|0|1|3|108|1|2|0|0|1|0|2|5|5|5|5|2|2|2|2|2|4|0|8.5|8.5|8.5|8.5|1|4|7|51.61|107|107|107|106|7646|7358|0|4.8|2|2|0|4|4|0|0|4|4|1.25|1.75|2|3.75|2.5|7.5|0.75|3|1.25|2.75|101.79|105.51|76.18|68.63|81.77|102.82|102.54|99.95|96.54|94.52|1|55.6035|0|0|0|54.5732|51.8108|0|0|1|0|0|3|6|0|0|0|0|50|41783|41783|117|100|63|280|0|27|5|0.77|876|12|0|4|0|227|0|0|0|0|66.3073|1|1|0|0|-4.1252|-4|3.19|3.2|3.1869|99|-1|24|25|25|105.4187|3|4|30|1|93|8.5|1|4|25|12|0|1|4|9|5.7|0|0|4|103.1008|4|7|0|4|0|0|0|6|0|3|0|0|0|12|2|3|3|3|0|0|0|0|0|0|0|0|0|0|0|0|0|0|0|1|0|0|0|0|0|0|0|0|0|0|0|0|0|0|0|0|1|5.5|0|56|0|0|2|4|104|107|0|424|103|10|5|0|1|2013-03-27|8.5|5|2|100.6848|102.584|7|13.6|104|2|1|2014-04-24|8.5|3|4|104.0136|103.1008|7|12.8|105|4|1|2014-04-10|6.5|5|3|95.4168|106.5616|8|8.8|110|4|1|2013-11-30|6|6|5|105.712|105.5816|8|9.6|111|4|1|2013-10-24|7|7|2|92.12|100.1656|4|13.2|105|4|1|2013-10-11|8.5|6|6|104.1088|106.5328|2|9.6|114|2|1|2013-09-26|8.5|2|4|108.3424|106.4496|8|9.6|108|2|1|2013-08-03|8.5|6|3|105.4448|105.8224|8|8.8|110|2|1|2013-06-19|8|3|2|104.928|105.4832|3|10.4|107|2|1|2013-05-18|8|11|6|98.4856|106.1816|11|9.6|110|2|4|4|4|0|24|108.3482|0|85|2|0|35|6|17|4|4|4|4|0|4|0|0|2|0|5|1|0|-2|0.5|1.5|5|4.5|3.5|-0.1|3|1|6.25|0|1|2|2|7|5|5|1|4|2|8|0|0|0|2|2|2|26|31|29|9|0|0|23|23|4|1|240|108.3424|44|106.5616|44|8.8|0|0|0.81|260|16|0|0|0|25|3|311|0|0|0|0|0|0|0|0|0|3.1869|17.5926|46|4849|120|2|209|2|67.5311|67.5311|0|2|1|4.7515|0|18.302|3.5915|2|4|2|2|2|3|4|2|0|1|4|4|4|4|1|4|4|2|4|4|4|0|2|4|4|2|0|2|3|2|4|2|1|4|3|2|3|4|3|4|4|4|3up  NW3 |NW3 |3up  NW3 |null|2014-05-24|2014-05-24|2014-05-24|2014-05-24| BA |Admiral Perry|Admiral Perr|Admiral Perry|Rocco, Jr. Joseph        |OCL |2014-04-24|Rocco, Jr. J|AOC64000    |loomed between, hung  |KEE|McGaughey, III Claud|Stuart S. Janney, III|8|8|8|8|13:53:00|TAM|mid m 3w,clr, hung    |KEE|loomed between, hung  |KEE|PL2,brushed, steadied late|WO|closed rail,evn finish|KEE|off slow, 5w,willingly|KEE|steadied, rank        |DEL|bid, vied, gamely     |SAR|off beat slow,ins trip|BEL|well rated, gd energy |MTH|belatedly outside     |T|C |McGaughe/Rocco,|BEL|BEL|BEL|BEL|McGaughey, III Claude R. |C4b|D3b|   |   |4|0|5|0|0
2.6|1.65|1.2|1|1.5|0.5|1|1.5|0.5|3|4|2.5|1.5|3.5|4|2|3|2|3|3|3|3|4|4|46.3|23.36|47.5|46.77|46.74|45.5|45.71|46.18|47.35|46.93|0.5|0.5|0.5|1.5|1|2|1.5|0.5|1.5|2|3|2|3|2|2|3|4|3|4|3|70.31|46.27|71.53|69.83|70.22|69.41|69.32|70.25|71.69|72.6|0|0|0|0|0|110|0|1|1|1|1.1|1.1|0|0|0|0|0|0|1|1|0|0|0|0|0|0|0|0|0|0|0|0|0|0|1|1|1|1|0|0|0|0|0|0|73|0|0|0|0|0|1|0|1|107|0|0|1|3|110|1|-4|0|0|1|0|2|2|2|2|2|2|2|2|2|5|4|0|8.5|8.5|8.5|8.5|1|4|-7|50.82|107|107|107|106|17806|10313|0|4.8|2|2|0|1|1|0|0|4|4|0.2|1.25|8|1.25|2.5|-3.25|1.25|-0.25|-1.5|4.25|94.06|82.02|118.88|93|100.66|93.48|92.66|100.3|95.85|104.51|5|55.0687|0|0|0|56.3927|53.9367|0|0|0|0|3|0|6|0|0|0|0|70|41783|41783|110|118|70|298|2|38|8|0.77|1191|18|2|0|0|328|0|0|0|0|76.4579|7|7|0|0|4.1252|4|1.6|1.6|1.6046|8|0|38|29|22|109.5439|2|2|15|1|107|7|1|2|19|21|0|1|7|9|2.2|0|0|4|109.064|2|3|0|2|2|2|1|19|0|4|0|1|1|12|2|2|2|2|0|0|0|0|0|0|0|0|0|0|0|0|0|0|0|0|0|0|0|0|0|0|0|0|0|0|0|0|0|0|0|0|0|1.1|4|82|0|0|2|4|106|107|0.5268|679|109|4|5|1|1|2013-04-06|8|4|2|101.3656|102.2744|11|14|103|2|1|2014-05-09|7|2|2|105.7936|109.064|3|7.2|111|2|1|2014-02-08|10|3|11|106.8136|104.5728|7|12.8|109|2|1|2014-01-02|8|2|2|103.5112|106.6784|7|9.2|109|2|1|2013-11-29|8.5|3|5|111.0312|107.952|7|8.4|111|2|1|2013-10-27|8|3|1|108.28|108.0936|8|8|109|2|1|2013-08-17|8|3|4|104.3472|105.852|5|10|108|2|1|2013-07-27|8.5|3|1|105.6576|105.2096|7|10.8|106|2|1|2013-06-16|8|4|1|98.7544|101.2104|3|14.8|101|2|1|2013-05-24|8.5|4|2|100.3272|99.7928|6|16.4|103|4|1|1|1|0|38|107.8214|1|85|2|0|41|7|17|4|4|4|4|0|3|0|0|1|1|5|1|1|-1.5|0.5|5.25|1.5|2|0.1|1.25|-0.1|1|4|0|1|3|10|2|4|2|4|1|3|2|0|0|0|2|2|2|37|36|37|23|0|2|18|55|6|0|176|111.0312|15|109.064|15|7.2|0|0|0.71|688|14|0|4|0|1|0|267|0|0.5633|0|0|0|0|0|1|0|1.6046|35.1852|46|5039|120|0|209|4|73.5267|73.5267|0|0|18|1.992|1|35.1815|1.3886|1|1|1|1|1|2|3|1|0|2|1|3|2|1|2|1|2|1|2|2|1|1|1|1|2|1|0|1|2|1|1|1|2|2|1|1|1|1|4|1|2|2|3up  NW3 |NW3 |3up  NW3 |null|2014-05-24|2014-05-24|2014-05-24|2014-05-24| AB |Bio Pro|Bio Pro|Bio Pro|Rosario Joel             |OCL |2014-05-09|Velazquez Jo|AOC90000    |attended 2p, gd energy|BEL|Zucker Howard L.    |Wachtel Stable, Brous St|1|1|1|1|13:53:00|SA|bid 3wd,led,edged     |BEL|attended 2p, gd energy|SA|pulled,bid 3wd,wkened |SA|stalked pace,2nd pace |HOL|bid 3wd,weakened      |SA|3wd into str,bid,clear|DMR|3w into str,tight late|DMR|4wd into str,held btwn|HOL|came out str,rallied  |HOL|stalked pace,held 2nd |T|C-|Mott Wil/Rosari|BEL|BEL|BEL|BEL|Mott William I.          |C3b|A4b|   |   |1|2.4|5|2|4.2
-0.4|0.9|1.8|1|0|0|0|0|0|0|0|0|0|0|0|0|0|0|0|0|0|0|0|0|0|0|0|0|0|0|0|0|0|0|0|0|0|0|0|0|0|0|0|0|0|0|0|0|0|0|0|0|0|0|0|0|0|0|0|0|0|0|0|0|0|1.5|4|10.7|0|0|0|2|3|3|6.5|6.5|0|0|0|0|0|0|0|0|0|0|1|0|0|0|0|0|0|0|0|0|0|0|1|0|0|0|0|0|0|0|0|0|14|0|0|0|1|0|0|0|0|0|0|1|0|9|0|3|-999|0|0|1|0|-1|-1|-1|-1|-1|-1|-1|-1|-1|-1|1|0|5.5|5.5|5.5|5.5|0|1|-99|0|94|94|94|96|-1|-1|0|3.1|2|3|0|2|2|0|0|6|6|0|0|0|0|0|0|0|0|0|0|0|0|0|0|0|0|0|0|0|0|0|0|0|0|0|0|0|60|1|-1|0|1|0|3|0|2|0|0|29|41783|41783|0|0|0|0|1|14|3|0.74|668|13|0|0|0|282|0|0|0|0|34.3554|3|3|0|0|-24.0399|-10|7.65|7.7|7.6515|99|-1|12|15|17|100.0449|0|0|0|0|0|null|0|0|0|0|0|0|0|0|0|0|0|0|0|0|0|0|null|-1|0|0|3|-1|0|0|0|0|0|2|3|3|3|0|0|0|0|0|0|0|0|0|0|0|0|0|0|0|0|0|0|0|0|0|0|0|0|0|0|0|0|0|0|0|0|0|6.5|0|62|0|0|2|4|0|94|3.6788|492|0|50|5|0|-1|null|-1|-1|-1|-1|-1|0|-1|-1|-1|-1|null|-1|-1|-1|-1|-1|0|-1|-1|-1|-1|null|-1|-1|-1|-1|-1|0|-1|-1|-1|-1|null|-1|-1|-1|-1|-1|0|-1|-1|-1|-1|null|-1|-1|-1|-1|-1|0|-1|-1|-1|-1|null|-1|-1|-1|-1|-1|0|-1|-1|-1|-1|null|-1|-1|-1|-1|-1|0|-1|-1|-1|-1|null|-1|-1|-1|-1|-1|0|-1|-1|-1|-1|null|-1|-1|-1|-1|-1|0|-1|-1|-1|-1|null|-1|-1|-1|-1|-1|0|-1|-1|-1|2|2|2|0|12|89.272|0|27|2|0|0|-1|15|3|3|3|3|0|0|0|2|2|0|0|2|0|0|0|0|0|0|0|0|0|0|0|0|0|0|0|0|0|0|0|0|0|0|0|42.5|1|1|1|1|22|0|0|12|0|1|-1|6|1|0|0|0|0|0|0|0|0|0|0.69|130|10|0|0|23.5|0|0|217|0|0|0|0|0|0|0|0|1|7.6515|0|42|4202|122|0|0|0|73.0217|73.0217|0|2|6|5.6632|0|15.7976|4.3194|0|2|0|0|0|0|0|0|0|0|0|0|0|5|0|0|0|0|4|5|3|0|4|0|0|2|0|0|3|0|6|4|5|0|4|9|9|3|5|0|4|4|3yF  MSW |MSW |3yF  MSW |null|2014-05-24|2014-05-24|2014-05-24|2014-05-24|null|Platinum Lady|Platinum Lad|Platinum Lady|Martin, Jr. Eddie        |null|null|null|null| |   |null|Valene Farms|2|2|2|2|13:54:00|null|null|null|null|null|null|null|null|null|null|null|null|null|null|null|null|null|null|null|null|D|C-|Heitzman/Martin|CBY|CBY|CBY|CBY|Heitzmann Eric L.        |A4g|C5b|   |   |2|3.6|5|2.8|0
-4|0|0|1|0|4.25|0|0|0|0|0|0|0|0|0|5|0|0|0|0|0|0|0|0|0|22.71|0|0|0|0|0|0|0|0|0|7|0|0|0|0|0|0|0|0|0|5|0|0|0|0|0|0|0|0|0|0|0|0|0|0|0|0|0|0|0|1|8|19.7|0|97|0|5|3|5|15.4|15.4|0|0|0|0|0|0|0|0|0|0|0|0|0|0|0|0|0|0|0|0|0|0|1|0|0|0|0|0|0|0|0|0|-1|0|0|0|0|0|0|0|0|0|0|6|3|9|97|3|-3|0|0|1|0|-1|1|-1|-1|-1|-1|-1|-1|-1|-1|1|0|5.5|5.5|5.5|5.5|0|1|-99|0|94|94|94|96|5000|5000|0|3.1|2|3|0|5|5|0|0|6|6|0|5|0|0|0|0|0|0|0|0|0|67.76|0|0|0|0|0|0|0|0|0|0|0|0|0|0|0|0|1|0|0|0|2|3|0|0|0|0|23|41783|41783|0|0|0|0|0|6|0|0.43|391|7|1|0|0|174|0|0|0|0|38.8848|1|1|0|0|-38.7366|-14|11.41|11.4|11.4131|23.9828|3.6004|8|12|16|96.77|1|6|259|3|65|5.5|0|2|1|0|0|1|1|1|1.3|0|0|0|93.1818|5|5|0|1|0|0|0|6|0|0|0|0|0|0|2|4|4|4|0|0|0|0|0|0|0|0|0|0|0|0|0|0|0|0|0|1|0|0|0|0|0|0|0|0|0|0|0|0|0|0|1|15.4|0|51|0|0|2|4|0|94|3.0988|512|0|19|5|0|-1|null|-1|-1|-1|-1|-1|0|-1|-1|-1|3|2013-09-07|5.5|5|2|-1|93.1818|5|24|97|1|-1|null|-1|-1|-1|-1|-1|0|-1|-1|-1|-1|null|-1|-1|-1|-1|-1|0|-1|-1|-1|-1|null|-1|-1|-1|-1|-1|0|-1|-1|-1|-1|null|-1|-1|-1|-1|-1|0|-1|-1|-1|-1|null|-1|-1|-1|-1|-1|0|-1|-1|-1|-1|null|-1|-1|-1|-1|-1|0|-1|-1|-1|-1|null|-1|-1|-1|-1|-1|0|-1|-1|-1|-1|null|-1|-1|-1|-1|-1|0|-1|-1|-1|3|3|3|0|8|89.852|0|27|2|0|6|1|15|3|3|3|3|0|0|0|2|2|0|0|2|0|0|7|0|0|0|0|0|0|0|0|0|0|3|0|0|0|0|0|0|0|0|0|42.5|1|1|1|1|16|0|0|7|0|0|-1|0|0|1|0|0|0|0|0|0|0|0|0|6|0|0|2|23.5|0|0|120|0|0|0|0|0|0|0|0|1|11.4131|0|42|4064|122|4|0|0|72.262|72.262|0|4|1|12.2994|0|7.9149|9.6171|2|4|0|0|2|1|1|0|0|0|0|0|0|6|0|0|0|0|6|3|5|2|6|2|0|4|0|0|2|0|1|6|4|0|6|9|9|5|6|0|5|5|3yF  MSW |MSW |3yF  MSW |null|2014-05-24|2014-05-24|2014-05-24|2014-05-24|null|Where's Alayna|Where's Alay|Where's Alayna|Rivera Juan G.           |MSW |2013-09-07|Canchari Ale|MSW         |stmbld st, steady bid |CBY|Robertson McLean    |Quinonez, Lexie and Robe|3|3|3|3|13:54:00|null|null|CBY|stmbld st, steady bid |null|null|null|null|null|null|null|null|null|null|null|null|null|null|null|null|D|N-|Robertso/Rivera|CBY|CBY|CBY|CBY|Robertson James C.       |C3b|C5g|C5b|   |0|0|5|0|0
0.5|1.125|1.05|1|0|2.5|1.75|0.5|-2.5|0.5|0|0|0|0|0|5|4|2|1|2|0|0|0|0|0|21.97|21.9|22.55|22.26|22|0|0|0|0|0|1.25|0.5|12.5|-3|0.1|0|0|0|0|0|5|3|8|1|2|0|0|0|0|0|46.05|45.77|46.8|45.41|46|0|0|0|0|0|0|0|0|0|98|0|1|3|1.6|0.2|0.2|0|0|0|1|0|0|0|0|1|0|0|0|0|0|0|0|1|0|0|0|0|0|1|1|0|1|1|0|0|0|0|0|53|0|0|0|0|0|0|0|1|74|0|0|3|9|97|3|-6|0|0|1|0|-1|1|1|1|1|1|-1|-1|-1|-1|1|0|5.5|5.5|5.5|5.5|0|1|3|53.09|94|94|94|96|2783|2783|0|3.1|2|3|85|1|1|0|0|6|6|0|5|8.5|99|1.5|8.75|0|0|0|0|0|71.54|71.5|66.27|72.52|65.76|0|0|0|0|7|60.014|2|0|0|56.4064|51.3642|0|1|0|0|4|0|3|2|0|0|0|72|41783|41783|129|78|51|258|3|18|5|0.98|774|16|1|0|0|290|0|0|0|0|56.1012|9|9|0|0|3.335|3|2.34|2.3|2.3392|20.3824|0|30|21|16|110.4345|0|5|77|3|74|6|0|3|5|0|0|1|2|5|8.3|0|0|4|95.0368|5|7|0|1|2|2|1|8|0|0|0|0|1|0|2|2.5|2.5|2.5|1|0|0|0|0|0|0|0|0|0|0|0|0|0|0|0|0|0|0|0|0|0|0|0|0|0|0|0|0|0|0|0|0|0.2|4|79|0|0|2|4|97|94|0|448|95|21|5|0|-1|null|-1|-1|-1|-1|-1|0|-1|-1|-1|3|2014-03-08|6|5|3|97.02|95.0368|7|20.4|100|1|3|2014-02-13|6|3|9|99.3176|90.3104|5|25.2|99|1|3|2013-11-07|5.5|8|9|72.1624|-1|6|-1|94|1|3|2013-09-30|6|1|2|104.2944|93.628|5|22.4|95|1|3|2013-08-17|5.5|2|7|95.9224|80.8664|9|32.8|92|1|-1|null|-1|-1|-1|-1|-1|0|-1|-1|-1|-1|null|-1|-1|-1|-1|-1|0|-1|-1|-1|-1|null|-1|-1|-1|-1|-1|0|-1|-1|-1|-1|null|-1|-1|-1|-1|-1|0|-1|-1|-1|4|4|4|0|30|92.9508|1|27|2|0|24|4|15|3|3|3|3|1|2|0|2|2|0|0|2|1|0|2.5|5|99|-4|4|0|0|0|0|0|0|3|5|9|1|4|0|0|0|0|0|42.5|1|1|1|1|35|31|36|25|0|3|26|17|4|0|236|104.2944|77|95.0368|77|20.4|0|0|0.79|505|18|0|0|23.5|5|0|335|1|0.748|0|0|0|0|0|1|0|2.3392|39.8148|42|4638|122|2|0|0|84.2835|84.2835|0|2|20|1.5197|0|41.7756|1.0115|1|1|1|1|1|3|3|2|1|1|3|1|1|1|1|3|1|1|3|1|1|1|1|1|1|1|0|2|4|1|2|1|1|1|1|1|1|1|2|1|2|2|3yF  MSW |MSW |3yF  MSW |null|2014-05-24|2014-05-24|2014-05-24|2014-05-24| AB |Gratzie|Gratzie|Gratzie|Canchari Alex            |MSW |2014-03-08|Martinez Set|MSW         |traffic 1/4, best rest|OP|Robertson McLean    |Joseph F. Novogratz|4|4|4|4|13:54:00|null|null|OP|traffic 1/4, best rest|OP|brk out,loomed 4w,fade|LRL|bolted 3/8, eased     |DEL|solid pce, hung late  |DEL|vied, faded           |null|null|null|null|null|null|null|null|D|B |Robertso/Cancha|CBY|CBY|CBY|CBY|Robertson McLean         |A5b|C4b|   |   |1|2.1|5|2.1|2.4
-4|0|0|1|0|10.25|0|0|0|0|0|0|0|0|0|9|0|0|0|0|0|0|0|0|0|22.14|0|0|0|0|0|0|0|0|0|11.25|0|0|0|0|0|0|0|0|0|9|0|0|0|0|0|0|0|0|0|45.99|0|0|0|0|0|0|0|0|0|6.5|12.5|24.7|0|93|0|6|3|10|17.3|17.3|0|0|0|0|0|0|0|0|0|0|0|0|0|0|0|0|0|0|0|0|0|0|1|0|0|0|0|0|0|0|0|0|9|0|0|0|1|0|0|0|0|35|0|6|0|9|0|3|1|0|0|0|0|-1|1|-1|-1|-1|-1|-1|-1|-1|-1|1|0|5.5|5.5|5.5|5.5|0|1|-40|52.33|94|94|94|96|0|0|0|3.1|2|3|81|6|6|0|0|6|6|0|12.5|0|0|0|0|0|0|0|0|0|65.54|0|0|0|0|0|0|0|0|0|55.526|0|0|0|55.4616|50.5606|0|1|0|0|0|0|3|0|0|0|0|32|41783|41783|89|68|40|197|0|11|2|0.49|440|10|1|0|0|200|0|0|0|0|32.1968|1|1|0|1|-30.7511|-12|9.2|9.2|9.1964|99|-1|10|13|17|98.3671|0|4|45|3|35|5.5|0|7|1|0|0|0|0|1|25.1|0|0|0|78.7208|9|6|0|1|0|0|0|3|0|0|0|0|0|0|2|6|6|6|0|0|0|0|0|0|0|0|0|0|0|0|0|0|0|0|0|0|0|0|0|0|0|0|0|0|0|0|0|0|0|0|0|17.3|0|58|0|0|2|4|76|94|4.8812|404|79|34|5|0|-1|null|-1|-1|-1|-1|-1|0|-1|-1|-1|3|2014-04-09|5.5|9|7|75.9408|78.7208|6|36|93|1|-1|null|-1|-1|-1|-1|-1|0|-1|-1|-1|-1|null|-1|-1|-1|-1|-1|0|-1|-1|-1|-1|null|-1|-1|-1|-1|-1|0|-1|-1|-1|-1|null|-1|-1|-1|-1|-1|0|-1|-1|-1|-1|null|-1|-1|-1|-1|-1|0|-1|-1|-1|-1|null|-1|-1|-1|-1|-1|0|-1|-1|-1|-1|null|-1|-1|-1|-1|-1|0|-1|-1|-1|-1|null|-1|-1|-1|-1|-1|0|-1|-1|-1|1|1|1|0|10|88.0696|0|27|2|0|6|1|15|3|3|3|3|0|3|0|2|3|3|0|2|0|0|15.25|0|0|0|0|0|0|0|0|0|0|8|0|0|0|0|0|0|0|0|0|42.5|1|1|1|1|18|18|22|6|0|0|-1|5|0|0|0|0|0|0|0|0|0|0|0.73|89|15|0|0|23.5|1|0|263|0|0|0|0|0|0|0|0|0|9.1964|11.1111|42|4131|122|2|0|0|78.2763|78.2763|0|3|3|9.0164|0|10.5091|6.9963|4|5|4|4|0|5|5|4|2|4|4|3|4|4|4|4|3|4|5|6|5|0|5|4|3|6|0|4|5|4|5|5|6|4|5|4|4|6|4|4|3|3|3yF  MSW |MSW |3yF  MSW |null|2014-05-24|2014-05-24|2014-05-24|2014-05-24|null|Victoria's Delight|Victoria's D|Victoria's Delight|Hamilton Quincy          |MSW |2014-04-09|Santiago Hec|MSW         |no factor             |EVD|Padilla Tim P.      |Cronin, Larry J. and Whi|1|1|1|1|13:54:00|null|null|EVD|no factor             |null|null|null|null|null|null|null|null|null|null|null|null|null|null|null|null|D|C-|Padilla /Hamilt|CBY|CBY|CBY|CBY|Padilla Tim P.           |D3b|C5g|A4b|   |0|0|5|0|0
-4|0|0|1|0|5.25|10.25|0|0|0|0|0|0|0|0|9|8|0|0|0|0|0|0|0|0|22.7|22.53|0|0|0|0|0|0|0|0|13.5|13.25|0|0|0|0|0|0|0|0|11|8|0|0|0|0|0|0|0|0|45.95|46.94|0|0|0|0|0|0|0|0|15|15|17.5|0|97|0|6|1|80|95.1|95.1|0|0|0|0|0|0|0|0|0|0|0|0|0|0|0|0|0|0|0|0|0|0|0|0|0|0|0|0|0|0|0|0|7|0|1|0|0|0|0|0|0|0|0|0|0|9|0|3|-1|0|0|0|0|-1|1|2|-1|-1|-1|-1|-1|-1|-1|5|0|5.5|5.5|5.5|5.5|0|5|-12|52.88|97|97|97|96|70|70|0|8.9|3|4|0|6|6|0|0|10|10|0|22.25|19.25|0|0|0|0|0|0|0|0|71.35|58.47|0|0|0|0|0|0|0|0|56.4567|0|0|0|53.8455|49.1236|27|2|1|0|0|0|3|0|0|0|0|4|41772|41772|101|81|18|200|0|23|4|0.68|339|8|1|0|0|170|0|0|0|0|39.8044|0|0|0|0|-295.3147|-44|99|99|99|99|-1|1|1|2|63.0446|1|6|186|3|24|6|0|11|2|0|0|0|0|2|99.9|0|0|0|73.104|9|4|0|1|2|0|0|12|0|0|0|0|0|0|3|30|30|30|0|0|0|0|0|0|0|1|0|1|0|1|0|0|1|1|0|1|0|0|0|0|0|0|0|0|0|0|0|0|0|0|6|95.1|0|20|0|0|3|4|73|97|14.5013|302|73|41|5|0|-1|null|-1|-1|-1|-1|-1|0|-1|-1|-1|3|2013-11-08|6|11|11|73.0832|73.104|4|40.4|98|1|4|2013-10-11|5|8|7|64.1688|70.148|3|42.4|96|2|-1|null|-1|-1|-1|-1|-1|0|-1|-1|-1|-1|null|-1|-1|-1|-1|-1|0|-1|-1|-1|-1|null|-1|-1|-1|-1|-1|0|-1|-1|-1|-1|null|-1|-1|-1|-1|-1|0|-1|-1|-1|-1|null|-1|-1|-1|-1|-1|0|-1|-1|-1|-1|null|-1|-1|-1|-1|-1|0|-1|-1|-1|-1|null|-1|-1|-1|-1|-1|0|-1|-1|-1|7|7|7|0|1|86.5499|0|35|2|0|5|1|16|3|3|3|3|0|4|0|2|3|0|1|1|0|0|10.5|13.25|0|0|0|0|0|0|0|1|0|11|7|0|0|0|0|0|0|0|0|877|0|4|4|4|5|11|10|3|0|0|-1|5|0|6|186|73.0832|186|73.104|186|40.4|0|0|0.16|67|3|0|4|46.9|1|0|78|0|0.148|0|0|0|0|0|0|0|99|0.8621|31|1954|116|-5|0|0|65.0078|65.0078|0|4|0|0|0|0|0|2|10|7|0|0|8|8|6|0|6|6|7|7|9|4|6|8|7|9|5|7|0|9|7|7|9|0|7|5|7|8|9|9|7|9|8|7|9|9|7|9|9|3up  MSWs|MSWs|3up  MSWs|null|2014-05-13|2014-05-13|2014-05-13|2014-05-13|null|Cable Bet|Cable Bet|Cable Bet|Figueroa Sergio          |MSWs|2013-11-08|Wolfsont And|MSW         |2path turn, outrun    |PEN|Foglia Anthony      |Anthony Foglia|8|8|8|8|17:15:00|null|null|PEN|2path turn, outrun    |MED|outrun                |null|null|null|null|null|null|null|null|null|null|null|null|null|null|A|D-|Zook Jef/Figuer|PID|PID|PID|PID|Zook Jeff W.             |D4g|   |   |   |0|0|5|0|0
-4|0|0|1|0|0.1|4|3.5|7.5|3|7|6.25|0|0|0|2|5|4|4|3|8|7|0|0|0|23.26|22.99|48.01|22.9|48.57|22.47|22.49|0|0|0|0.5|4.5|2.5|5|2.5|10|4.75|0|0|0|2|4|3|2|2|8|6|0|0|0|46.63|46.91|73.16|47.02|73.86|46.24|46.95|0|0|0|4|2.5|8.5|0|95|0|3|1|9|14.6|14.6|0|0|0|0|0|0|0|0|0|0|0|0|0|0|0|0|0|0|0|0|0|0|1|0|1|0|0|0|0|0|0|0|4|0|0|0|0|0|0|0|0|66|0|0|1|9|98|3|-1|0|0|1|0|-1|1|1|2|1|1|1|1|-1|-1|5|0|5.5|5.5|5.5|5.5|0|5|3|53.03|97|97|97|96|3250|2289|0|8.9|3|4|81|3|3|0|0|10|10|0|6|7.5|1.5|7.5|9.25|7|3.25|0|0|0|71.97|71.95|105.96|73.19|100.11|66.32|66.41|0|0|4|57.895|0|0|0|57.4997|51.1093|22|2|1|0|0|0|4|0|0|0|0|44|41772|41772|113|94|44|251|0|16|2|0.49|366|8|1|1|0|186|0|0|0|0|39.0291|2|2|0|0|-2.3601|-2|4.3|4.3|4.303|99|-1|19|16|14|104.3779|0|4|60|4|66|6|0|2|7|0|0|1|3|7|2.5|0|0|4|92.008|2|1|0|1|0|0|0|14|0|0|0|0|0|0|3|5|5|5|0|1|0|0|0|0|0|0|0|0|0|0|0|0|0|0|0|0|0|0|0|0|0|0|0|0|0|0|0|0|0|0|1|14.6|0|52|0|0|3|4|94|97|7.442|242|92|23|5|0|-1|null|-1|-1|-1|-1|-1|0|-1|-1|-1|4|2014-03-14|6|2|2|93.5752|92.008|1|23.6|98|1|3|2014-03-03|6|4|3|80.9288|86.7928|5|28.4|95|3|4|2013-05-04|8.5|4|3|95.976|91.6232|5|24|92|2|4|2013-02-18|6|2|5|85.8152|86.8848|3|28|95|1|3|2013-01-31|8|3|6|97.1752|94.0512|2|22|101|1|3|2013-01-17|5.5|8|7|83.8024|88.7784|3|27.2|96|3|3|2012-12-18|5.5|6|3|83.6624|90.132|7|26|93|3|-1|null|-1|-1|-1|-1|-1|0|-1|-1|-1|-1|null|-1|-1|-1|-1|-1|0|-1|-1|-1|6|6|6|0|19|93.6092|0|35|2|0|14|3|16|3|3|3|3|0|4|0|2|3|0|1|1|0|0|2.5|4|-1|3.5|6.5|9.5|2.5|0|0|1|0|2|4|1|4|6|7|3|0|0|0|877|0|4|4|4|22|25|23|7|0|0|-1|2|0|1|467|97.1752|467|94.0512|467|22|0|0|0.17|40|8|0|4|46.9|1|0|187|0|0.122|0|0|0|0|0|0|0|4.303|15.5172|31|3236|122|0|0|0|74.2687|74.2687|0|4|4|4.2102|0|20.2034|3.1594|3|5|3|2|1|2|3|1|2|2|1|6|5|3|1|3|5|1|9|6|5|0|2|2|5|4|0|1|7|2|3|2|6|5|3|2|3|5|6|3|2|2|3up  MSWs|MSWs|3up  MSWs|null|2014-05-13|2014-05-13|2014-05-13|2014-05-13| BB |Savings N Loan|Savings N Lo|Savings N Loan|Magrell Jane M.          |M25 |2014-03-14|Whitney Dana|MCL25000    |vied, 2wide, no match |PEN|Kintz S. Matthew    |Katy Cheeks|7|7|7|7|17:15:00|null|null|PEN|vied, 2wide, no match |MNR|rally4w,belated,miss2d|PIM|wide, led, gave way   |LRL|PL4,bumped start,3wd      |LRL|prompted inside,wknd  |LRL|rail,no room 3/16     |PEN|slow early, rallied   |null|null|null|null|A|C-|Hayes Le/Magrel|PID|PID|PID|PID|Hayes Leland             |C3b|   |   |   |3|0|5|4.4|0
-4|0|0|1|0|10.5|0|0|0|0|0|0|0|0|0|10|0|0|0|0|0|0|0|0|0|21.14|0|0|0|0|0|0|0|0|0|16.25|0|0|0|0|0|0|0|0|0|10|0|0|0|0|0|0|0|0|0|44.35|0|0|0|0|0|0|0|0|0|3.5|7.25|19.7|0|99|0|9|1|4|4.1|4.1|0|0|0|0|0|0|0|0|0|0|0|0|0|0|1|0|1|0|0|0|0|0|1|1|0|0|1|0|0|0|0|0|6|0|0|0|0|0|0|0|0|56|0|4|0|9|0|3|-2|0|0|1|0|-1|2|-1|-1|-1|-1|-1|-1|-1|-1|5|0|5.5|5.5|5.5|5.5|0|5|-28|50|97|97|97|96|200|200|0|8.9|3|4|80|9|9|0|0|10|10|0|8.75|0|0|0|0|0|0|0|0|0|56.37|0|0|0|0|0|0|0|0|7|56.5367|0|0|0|53.4574|60.2108|53|2|2|0|2|0|3|2|0|2|0|51|41772|41772|85|69|61|215|3|20|6|0.68|948|17|2|0|0|314|0|0|0|0|54.4308|7|7|0|0|-10.8417|-7|6.61|6.6|6.6087|99|-1|13|14|12|100.1371|0|4|34|3|56|5|0|8|1|0|0|0|0|1|38.9|0|0|4|86.876|10|9|0|2|0|0|0|13|0|0|0|1|0|0|3|4|4|4|0|0|0|0|0|0|0|0|0|0|0|0|0|0|0|0|0|0|0|0|0|0|0|0|0|0|0|0|0|0|0|0|0|4.1|1|68|0|0|3|4|69|97|0|445|87|27|5|0|-1|null|-1|-1|-1|-1|-1|0|-1|-1|-1|3|2014-04-09|5|10|8|69.3416|86.876|9|27.6|99|2|-1|null|-1|-1|-1|-1|-1|0|-1|-1|-1|-1|null|-1|-1|-1|-1|-1|0|-1|-1|-1|-1|null|-1|-1|-1|-1|-1|0|-1|-1|-1|-1|null|-1|-1|-1|-1|-1|0|-1|-1|-1|-1|null|-1|-1|-1|-1|-1|0|-1|-1|-1|-1|null|-1|-1|-1|-1|-1|0|-1|-1|-1|-1|null|-1|-1|-1|-1|-1|0|-1|-1|-1|-1|null|-1|-1|-1|-1|-1|0|-1|-1|-1|1|1|1|0|13|101.0512|0|35|2|0|5|1|16|3|3|3|3|0|3|0|2|3|0|1|1|0|0|16.25|0|0|0|0|0|0|0|0|1|0|9|0|0|0|0|0|0|0|0|0|877|0|4|4|4|26|15|23|19|0|2|31|2|0|0|0|0|0|0|0|0|0|0|0.66|59|17|0|0|46.9|1|0|363|1|0|0|0|0|0|0|1|0|6.6087|30.1724|31|3104|116|-1|0|0|73.7863|73.7863|0|1|15|3.5037|0|23.3725|2.5954|1|2|1|3|0|7|7|7|3|5|7|1|1|1|7|7|2|6|4|1|1|0|3|4|2|3|0|8|1|6|4|3|1|1|2|7|3|1|1|1|3|3|3up  MSWs|MSWs|3up  MSWs|null|2014-05-13|2014-05-13|2014-05-13|2014-05-13|null|Little Drummer|Little Drumm|Little Drummer|Allen, Jr. Ronald Dale   |MSW |2014-04-09|Allen Mike  |MSW         |bumped start, off slow|TAM|Connelly Teresa     |Endeavor Bloodstock|1|1|1|1|17:15:00|null|null|TAM|bumped start, off slow|null|null|null|null|null|null|null|null|null|null|null|null|null|null|null|null|A|B-|Connelly/Allen,|PID|PID|PID|PID|Connelly Teresa          |C5g|   |   |   |0|0|5|0|0
1.3|1.325|1.05|1|0|5.5|99|99|99|0|0|0|0|0|0|9|0|0|0|0|0|0|0|0|0|49.92|0|0|0|0|0|0|0|0|0|5|99|99|99|0|0|0|0|0|0|8|0|0|0|0|0|0|0|0|0|75.35|0|0|0|0|0|0|0|0|0|8|5.25|0|0|90|0|1|1|2|0.6|0.6|0|0|0|0|0|0|1|0|1|0|0|0|0|0|0|0|0|0|0|0|0|0|1|1|0|0|0|0|0|0|0|0|57|0|0|0|0|0|0|0|0|77|0|4|3|9|90|3|-3|0|0|1|0|-1|2|5|2|2|-1|-1|-1|-1|-1|5|0|5.5|5.5|5.5|5.5|0|5|-29|50|97|97|97|96|1424|1424|0|8.9|3|4|85|1|1|0|0|10|10|0|4|7|4.5|3.25|0|0|0|0|0|0|111.41|85.3|106.3|104.2|0|0|0|0|0|0|55.0887|0|0|0|55.4096|58.4916|0|2|0|0|2|0|3|0|0|0|0|51|41772|41772|84|100|65|249|1|6|1|0.98|425|19|2|0|0|325|0|0|0|0|40.0543|5|5|0|0|2.3601|2|2.92|2.9|2.9179|99|-1|26|18|13|106.738|2|2|19|3|77|9|0|4|4|0|0|1|3|4|6.1|0|0|4|96.1648|7|4|0|2|2|2|1|6|0|0|0|0|1|0|3|1.6|1.6|1.6|0|0|0|0|0|0|0|0|0|0|0|0|0|0|0|0|0|0|0|0|0|0|0|0|0|0|0|0|0|0|0|0|0|0.6|4|74|0|0|3|4|88|97|0.0356|359|96|19|5|1|-1|null|-1|-1|-1|-1|-1|0|-1|-1|-1|3|2014-04-24|9|9|4|87.576|96.1648|4|19.2|100|2|3|2013-11-06|7|-1|2|-1|80.5|10|-1|85|4|3|2013-10-15|8|-1|2|-1|82.4688|10|-1|85|2|3|2013-09-28|8|-1|4|-1|83.1719|10|-1|85|2|-1|null|-1|-1|-1|-1|-1|0|-1|-1|-1|-1|null|-1|-1|-1|-1|-1|0|-1|-1|-1|-1|null|-1|-1|-1|-1|-1|0|-1|-1|-1|-1|null|-1|-1|-1|-1|-1|0|-1|-1|-1|-1|null|-1|-1|-1|-1|-1|0|-1|-1|-1|4|4|4|0|26|101.0156|0|35|2|0|5|1|16|3|3|3|3|0|2|0|2|2|0|1|1|1|0|3.75|99|99|99|0|0|0|0|0|1|0|6|0|0|0|0|0|0|0|0|0|877|0|4|4|4|32|17|33|17|0|2|24|30|5|0|19|87.576|19|96.1648|19|19.2|0|0|0.57|539|16|0|4|46.9|1|0|300|0|0.6411|0|0|0|0|0|0|0|2.9179|23.2759|31|3309|116|-4|0|0|87.3633|87.3633|0|1|12|2.9326|1|26.7669|2.1395|6|1|2|1|5|5|5|5|1|8|5|2|2|1|8|1|1|2|3|4|2|0|1|1|1|1|0|5|3|1|1|1|2|2|1|5|1|2|2|2|1|1|3up  MSWs|MSWs|3up  MSWs|null|2014-05-13|2014-05-13|2014-05-13|2014-05-13|(AB)|Beyond Smart|Beyond Smart|Beyond Smart|Pino Mario G.            |MSW |2014-04-24|Lezcano Jose|MSW         |awk st, steadied early|KEE|Gosden John H. M.   |Augustin Stable|5|5|5|5|17:15:00|null|null|KEE|awk st, steadied early|KEM|no chance with winner |NC|chased wnr, no gain   |HAY|one pace fnl f        |null|null|null|null|null|null|null|null|null|null|A|C-|Sheppard/Pino M|PID|PID|PID|PID|Sheppard Jonathan E.     |C5b|C5b|   |   |1|2.1|5|2.1|3.2
-4|0|0|1|0|6.5|-1|-2|3|0|0|0|0|0|0|6|1|1|4|0|0|0|0|0|0|22.89|23.43|22.77|22.44|0|0|0|0|0|0|13.5|3|2.5|12.5|0|0|0|0|0|0|5|2|1|4|0|0|0|0|0|0|47.45|48.84|47.62|47.39|0|0|0|0|0|0|6|8.25|22|0|87|0|10|1|50|49.5|49.5|0|0|0|0|0|0|0|0|0|0|0|0|0|0|0|0|1|0|0|0|0|0|0|0|0|0|0|0|0|0|0|0|8|0|0|0|0|0|0|0|0|27|0|0|0|9|0|3|7|0|0|0|0|-1|1|1|1|1|-1|-1|-1|-1|-1|5|0|5.5|5.5|5.5|5.5|0|5|-3|54.61|97|97|97|96|376|376|0|8.9|3|4|80|10|10|0|0|10|10|0|13|9|10|18.25|0|0|0|0|0|0|61.03|62.4|60.02|60.41|0|0|0|0|0|0|57.366|0|0|0|51.7954|45.2758|13|2|0|0|1|0|3|2|0|0|0|13|41772|41772|110|60|22|192|1|21|6|0.95|586|15|1|0|0|273|0|0|0|0|20.941|2|2|0|1|-126.9463|-25|36.5|36.5|36.4995|99|-1|3|4|6|81.7522|0|1|9|3|23|5|0|6|4|0|0|0|0|4|92.3|0|0|0|72.936|6|6|0|1|0|0|0|52|0|0|0|0|0|0|3|12|12|12|0|1|0|0|0|0|0|1|0|0|0|0|0|0|0|0|0|0|1|1|1|0|0|1|0|0|0|0|0|0|0|1|7|49.5|0|35|0|0|3|4|82|97|17.5016|142|73|40|5|0|-1|null|-1|-1|-1|-1|-1|0|-1|-1|-1|3|2014-05-04|5|5|6|72.3808|72.936|6|40.8|90|1|4|2014-04-22|5|2|4|81.7536|73.072|3|41.2|84|1|4|2014-04-14|5|1|3|80.0336|74.976|4|39.2|87|3|3|2014-03-31|5|4|7|68.1248|63.756|5|47.2|87|3|-1|null|-1|-1|-1|-1|-1|0|-1|-1|-1|-1|null|-1|-1|-1|-1|-1|0|-1|-1|-1|-1|null|-1|-1|-1|-1|-1|0|-1|-1|-1|-1|null|-1|-1|-1|-1|-1|0|-1|-1|-1|-1|null|-1|-1|-1|-1|-1|0|-1|-1|-1|2|2|2|0|3|83.5496|0|35|2|0|23|5|16|3|3|3|3|0|2|0|2|2|0|1|1|0|0|13.5|3|2.5|12.5|0|0|0|0|0|1|0|7|3|3|6|0|0|0|0|0|0|877|0|4|4|4|6|19|9|7|0|1|-1|9|0|7|21|81.7536|29|74.976|29|39.2|0|0|0.8|73|3|0|0|46.9|4|0|66|0|0|0|0|0|0|0|0|0|36.4995|0.8621|31|2534|116|-5|0|0|72.0066|72.0066|0|0|0|0|0|0|0|8|8|8|4|0|6|6|8|3|3|8|8|8|8|3|8|7|8|5|9|5|0|9|8|8|7|0|6|9|7|7|9|10|8|9|3|8|5|9|7|6|6|3up  MSWs|MSWs|3up  MSWs|null|2014-05-13|2014-05-13|2014-05-13|2014-05-13| BB |Wacky Wayne|Wacky Wayne|Wacky Wayne|Feliciano Ricardo        |MSW |2014-05-04|Rosario Manu|MSW         |never involved        |MNR|Schaber Debbie      |Debbie Schaber|3|3|3|3|17:15:00|null|null|MNR|never involved        |MNR|alert,ins duel,weaken |MNR|set pace, weakened ins|MNR|well placed, gave way |null|null|null|null|null|null|null|null|null|null|A|D |Schaber /Felici|PID|PID|PID|PID|Schaber Debbie           |   |   |   |   |0|0|5|0|0
-4|0|0|1|13|5|0.5|3|1|3.5|1.5|4.75|1.5|1|9|4|2|4|3|9|4|8|3|3|22.24|22.73|23.36|47.75|22.2|22.65|22.81|48.21|22.89|22.98|20|1.25|2|7.25|0.2|3.5|1.75|7.5|2.5|1.5|10|5|4|6|4|9|5|9|3|4|45.43|47.12|46.76|71.7|45.6|46.4|45.9|72.55|46.25|45.7|0|2.5|2.75|9.75|0|105|0|3|1|3|2.2|2.2|0|0|0|0|0|0|0|1|1|0|0|0|0|0|0|1|0|0|0|0|0|0|1|1|1|0|0|0|0|0|0|0|15|0|0|0|0|0|1|0|0|0|0|0|1|4|103|1|-2|40|0|1|0|2|1|1|5|1|5|5|5|5|5|5|0|6.5|6.5|6.5|6.5|1|5|-1|52.32|99|99|99|99|7634|9549|0|17|4|3|86|3|3|0|0|7|7|38|-7|6.5|8.5|1.5|4.25|-1.75|11.75|3.75|1.75|63.01|73.45|84.46|100.82|70.89|77.72|70.89|97.72|70.29|77.57|4|58.4639|0|0|0|58.2487|53.1793|0|0|2|0|3|4|7|1|0|0|0|62|41772|41772|117|100|59|276|0|54|15|0.73|1312|21|0|4|2|377|0|0|0|0|62.502|4|4|0|0|-0.0843|0|3.66|3.7|3.6617|16.4|2|21|19|17|104.2367|1|6|168|1|88|6|0|1|21|29|0|1|3|9|0.2|0|0|4|101.0752|4|9|0|3|0|1|1|5|1|6|0|0|0|6|3|3.5|3.5|3.5|0|0|0|0|0|0|0|0|0|0|0|0|0|0|0|0|0|0|0|0|0|0|0|0|0|0|0|0|0|0|0|0|0|2.2|0|73|0|0|3|5|99|99|0.2308|416|101|12|5|0|1|2012-10-20|5.5|10|10|66.4696|-1|9|48|105|2|1|2013-11-26|6|5|1|98.82|101.0752|9|14.8|101|3|1|2013-10-30|7|4|4|97.6096|101.064|9|15.2|107|3|1|2013-09-26|8.32|4|6|96.5104|98.3792|5|17.2|106|4|1|2013-09-03|6|4|4|102.9304|102.476|8|13.6|105|1|1|2013-08-19|6.5|9|5|96.876|99.0104|4|16.4|104|4|1|2013-07-21|6|5|1|102.7752|105.1384|7|10.8|106|4|1|2013-06-30|8|8|9|96.5376|96.9488|5|18.8|107|4|1|2013-06-17|6|3|2|94.3648|100.6264|4|15.2|105|4|1|2013-05-14|6.5|4|2|103.8088|100.488|2|15.2|103|4|7|7|7|0|21|99.7292|0|37|1|1|15|2|9|4|4|4|4|0|3|0|0|3|0|3|2|0|33|-2|7|5.75|2.5|2.75|1|8|4|1|0|10|1|5|7|4|7|2|9|2|2|0|64.2|0|4|4|4|29|27|31|15|0|3|18|5|0|0|364|103.8088|296|105.1384|296|10.8|0|0|0.77|143|13|2|0|36.5|21|6|241|0|0|0|0|0|0|0|0|0|3.6617|25.2174|34|3544|118|-2|16|4|75.0241|75.0241|7|2|18|2.6202|0|29.0766|1.8901|1|3|1|0|2|2|2|1|1|2|1|5|3|1|2|1|4|1|1|2|2|3|2|1|4|1|0|1|3|1|1|2|2|4|1|1|1|2|6|1|2|2|3uF  NW2 |NW2 |3uF  NW2 |null|2014-05-13|2014-05-13|2014-05-13|2014-05-13|(BB)|Ms. Rhetta|Ms. Rhetta|Ms. Rhetta|Parker Deshawn L.        |CLF |2013-11-26|Parker Desha|ALW37100    |quick bid,ridden out  |MNR|Kintz S. Matthew    |Berthold, Julie Dyann an|8|8|8|8|17:40:00|LRL|dropped back          |MNR|quick bid,ridden out  |CD|off inside, tired     |PID|stalked,3w,faded      |PHA|finished well         |PID|impeded start,improved|PID|circled 4 wide driving|PID|chased, through early |PID|3-w bid 1/4,bst of rst|PID|3 wide, held place    |A|C |Kintz S./Parker|PID|PID|PID|PID|Kintz S. Matthew         |D5b|C5b|   |   |3|0|5|3|0
-4|0|0|1|11.25|7.25|4.75|7.25|17|4.5|7.5|6|6.5|4.5|8|8|8|9|8|8|9|7|4|8|46.69|48.97|49.06|48.91|48.3|47.5|47.44|49.08|47.67|24.39|9.75|6|5|5.75|16|3.5|7.5|4.5|5.5|4.25|8|6|9|9|8|8|8|7|4|7|70.83|75|73.33|72.6|72.25|72.23|71.62|73.15|72.6|47.98|0|5.5|4.25|17.7|0|99|0|6|1|12|28.2|28.2|0|0|0|0|0|0|0|0|0|0|0|0|0|0|0|0|0|0|0|0|0|0|1|0|0|0|0|0|0|0|0|0|20|0|0|0|0|0|0|0|1|88|0|0|1|4|98|1|-3|40|0|1|0|2|2|2|2|2|2|2|2|2|2|5|0|6.5|6.5|6.5|6.5|0|5|-14|50.18|99|99|99|99|2532|2896|0|17|4|3|82|6|6|0|0|7|7|6.5|1|2.25|2.5|8.5|7.5|11.5|1.5|-3|1.5|102.11|139.94|104.06|96.67|111.35|103.08|95.18|103.69|103.39|93.66|7|56.8301|0|0|0|55.5909|55.9861|30|0|1|0|0|0|5|0|0|0|0|28|41772|41772|104|100|65|269|0|6|0|0.74|543|10|0|1|0|214|0|0|0|0|48.4194|1|1|0|0|-28.046|-9|9.3|9.3|9.2968|99|-1|10|12|13|95.7437|0|4|41|1|88|11|0|2|16|19|0|0|3|9|8.8|0|0|0|98.372|8|4|0|2|0|0|0|6|0|3|0|0|0|6|3|8|8|8|0|0|0|0|0|0|0|0|0|0|0|0|0|0|0|0|0|0|0|0|0|0|0|0|0|0|0|0|0|0|0|0|0|28.2|0|54|0|0|3|5|0|99|3.5408|331|98|18|5|0|1|2013-06-22|8.5|8|7|95.3464|95.8592|3|18.8|102|2|1|2014-04-02|11|8|2|-1|98.372|4|14.8|102|2|2|2014-03-22|8.5|8|4|90.3072|94.8432|10|20.4|97|2|2|2014-03-01|8|9|5|90.2584|97.132|11|18.8|99|2|1|2014-02-15|9|8|6|-1|92.1816|6|20.4|102|2|1|2014-01-18|8.5|8|5|99.66|97.3552|6|18.8|103|2|1|2013-12-28|8|9|7|91.008|93.1776|7|22.4|103|2|2|2013-12-11|8.5|7|4|92.4784|97.4576|7|18|99|2|2|2013-08-26|8.32|4|1|-1|98.6192|2|16.4|100|2|2|2013-08-10|7.5|7|2|-1|96.8816|7|17.2|100|2|4|4|4|0|10|96.4192|0|37|1|1|0|0|9|4|4|4|4|0|5|0|0|3|0|3|2|0|8|3.5|4.75|5.75|11|6.5|11.5|4.5|-0.5|2.75|0|7|5|9|8|8|7|7|7|1|4|0|64.2|0|4|4|4|15|0|27|6|0|0|24|5|1|0|115|99.66|260|98.6192|41|14.8|0|0|1.48|187|14|0|0|36.5|6|0|261|0|1.5214|0|0|0|0|0|0|0|9.2968|23.4783|34|3255|118|1|16|0|69.2761|69.2761|0|1|3|10.4635|0|9.1825|8.1515|6|6|3|1|6|6|6|7|2|4|7|1|1|5|4|1|1|2|7|6|7|0|6|1|3|6|0|0|5|3|4|6|5|1|6|9|4|6|5|3|5|5|3uF  NW2 |NW2 |3uF  NW2 |null|2014-05-13|2014-05-13|2014-05-13|2014-05-13| AB |Whoodoo Meadow|Whoodoo Mead|Whoodoo Meadow|Garcia Jose Angel        |SHP |2014-04-02|Garcia Luis |SHP16000    |closd well,vanned off |TAM|Barron Rory         |Terlep, Brittany B. and|4|4|4|4|17:40:00|PEN|between, no factor    |TAM|closd well,vanned off |TAM|belatedly outside     |TAM|inside, belatedly     |TAM|passed tiring rivals  |TAM|4 wide trip, no rally |TAM|improved position     |TAM|4w,stdy gain,mis shw  |DEL|rated, bid, driving   |DEL|blockd, finished well |A|C+|Barron R/Garcia|PID|PID|PID|PID|Barron Rory              |D4b|   |   |   |0|0|5|0|0
-1.8|0.55|1.1|1|0|1.5|8.75|1|12|0|0|0|0|0|0|3|6|2|6|0|0|0|0|0|0|23.72|24.2|22.8|24|0|0|0|0|0|0|1.5|9.5|4|11|0|0|0|0|0|0|2|6|4|5|0|0|0|0|0|0|48.05|49|48|48|0|0|0|0|0|0|5.5|8|3.75|0|89|0|2|3|1.2|0.5|0.5|0|0|0|0|0|0|0|0|0|0|0|0|0|1|0|0|0|0|0|0|0|0|1|1|0|1|1|0|0|0|0|0|10|0|0|0|0|0|0|0|0|29|0|0|3|10|63|4|-3|7|7|1|0|-1|1|1|1|1|-1|-1|-1|-1|-1|1|0|6|6|6|6|0|1|-13|54.06|81|81|81|83|978|978|0|15.3|1|3|0|2|2|0|0|6|6|0|8.25|7.75|31.5|10.75|0|0|0|0|0|0|75.18|69.6|79.8|68|0|0|0|0|0|8|56.8852|0|0|0|56.1223|48.0165|0|3|0|0|4|0|3|0|0|1|0|66|41790|41790|101|72|27|200|1|31|5|0.81|392|15|0|1|0|299|0|0|0|0|26.5243|5|5|0|0|5.0018|5|1.64|1.6|1.6372|38.3836|0|38|21|15|112.7197|2|2|12|4|29|6|0|3|4|0|0|0|1|4|3.9|0|0|4|77.4208|3|2|0|1|2|2|1|14|0|0|0|0|1|0|1|1.4|1.4|1.4|0|0|0|0|0|0|0|0|0|0|0|0|0|0|0|0|0|0|0|0|0|0|0|0|0|0|0|0|0|0|0|0|0|0.5|4|71|0|0|1|4|84|81|0|260|77|40|5|0|-1|null|-1|-1|-1|-1|-1|0|-1|-1|-1|4|2014-05-19|6|2|3|83.9912|77.4208|2|38.4|84|1|4|2013-09-02|5.5|6|5|64.832|72.7496|1|43.2|79|1|1|2013-08-10|6.5|4|4|88.4912|75.3504|2|42.8|103|1|4|2013-07-24|5.5|5|3|-1|-1|2|-1|63|1|-1|null|-1|-1|-1|-1|-1|0|-1|-1|-1|-1|null|-1|-1|-1|-1|-1|0|-1|-1|-1|-1|null|-1|-1|-1|-1|-1|0|-1|-1|-1|-1|null|-1|-1|-1|-1|-1|0|-1|-1|-1|-1|null|-1|-1|-1|-1|-1|0|-1|-1|-1|1|1|1|0|38|82.5986|1|8|2|0|45|5|11|1|1|1|1|0|4|0|3|3|0|0|2|1|0|3|9|13|9.5|0|0|0|0|0|1|0|2|6|4|5|0|0|0|0|0|0|0|0|1|1|1|36|32|34|18|0|1|45|15|4|0|294|88.4912|12|77.4208|12|38.4|0|0|0.75|95|19|0|0|91.3|4|0|381|1|0.43|0|0|0|0|0|1|0|1.6372|44.3299|43|4847|118|0|0|0|70.0381|70.0381|0|0|15|1.7266|2|38.6066|1.1767|1|1|1|1|2|2|2|2|0|2|1|2|1|1|2|1|1|1|1|1|1|1|1|1|1|1|0|2|6|1|2|1|1|1|1|1|1|1|1|1|4|4|3yF  M07s|M07s|3yF  M07s|null|2014-05-31|2014-05-31|2014-05-31|2014-05-31|(AB)|Kissin Music|Kissin Music|Kissin Music|Beauregard Shannon       |M07s|2014-05-19|Beauregard S|MCL7000     |3w,close,outrun shw   |NP|Chabot Rob          |Waymor Holdings, Ltd.|1|1|1|1|14:00:00|null|null|NP|3w,close,outrun shw   |NP|2w,gapped,no gain     |NP|btwn,press,tired 1/2  |NP|trail,far bck,cls well|null|null|null|null|null|null|null|null|null|null|D|B |Chabot R/Beaure|NP|NP|NP|NP|Chabot Rob               |C3h|F5g|D5h|   |2|2.2|5|2.1|0
-4|0|0|1|0|8|0|0|0|0|0|0|0|0|0|7|0|0|0|0|0|0|0|0|0|23|0|0|0|0|0|0|0|0|0|11.5|0|0|0|0|0|0|0|0|0|7|0|0|0|0|0|0|0|0|0|47.03|0|0|0|0|0|0|0|0|0|6.5|11.2|12.2|0|81|0|6|3|10|21.9|21.9|0|0|0|0|0|0|0|1|0|0|0|0|0|0|0|0|0|0|0|0|0|0|1|0|0|0|0|0|0|0|0|0|14|0|0|0|0|0|1|0|0|10|0|0|0|10|0|4|0|7|7|1|0|-1|1|-1|-1|-1|-1|-1|-1|-1|-1|1|0|6|6|6|6|0|1|-33|52.52|81|81|81|83|110|110|0|15.3|1|3|0|6|6|0|0|6|6|0|14|0|0|0|0|0|0|0|0|0|73.74|0|0|0|0|0|0|0|0|3|54.4258|0|0|0|53.9876|48.9965|0|3|0|0|2|0|3|0|0|0|0|46|41790|41790|81|70|21|172|1|16|1|0.67|196|6|0|1|0|152|0|0|0|0|12.5216|3|3|0|1|-29.588|-15|8.77|8.8|8.7705|99|-1|10|14|18|97.8259|0|1|7|4|10|6|0|6|1|0|0|0|0|1|32.85|0|0|0|67.7344|7|3|0|1|0|0|0|18|0|0|0|0|0|0|1|8|8|8|0|0|0|0|0|0|0|0|0|1|0|0|0|0|0|0|0|0|0|0|0|0|0|0|0|0|0|0|0|0|0|0|1|21.9|0|52|0|0|1|4|66|81|2.7446|352|68|46|5|0|-1|null|-1|-1|-1|-1|-1|0|-1|-1|-1|4|2014-05-24|6|7|6|65.6152|67.7344|3|46|81|1|-1|null|-1|-1|-1|-1|-1|0|-1|-1|-1|-1|null|-1|-1|-1|-1|-1|0|-1|-1|-1|-1|null|-1|-1|-1|-1|-1|0|-1|-1|-1|-1|null|-1|-1|-1|-1|-1|0|-1|-1|-1|-1|null|-1|-1|-1|-1|-1|0|-1|-1|-1|-1|null|-1|-1|-1|-1|-1|0|-1|-1|-1|-1|null|-1|-1|-1|-1|-1|0|-1|-1|-1|-1|null|-1|-1|-1|-1|-1|0|-1|-1|-1|2|2|2|0|10|79.854|0|8|2|0|9|1|11|1|1|1|1|0|3|0|3|3|0|0|2|0|0|10|0|0|0|0|0|0|0|0|1|0|7|0|0|0|0|0|0|0|0|0|0|0|1|1|1|21|20|25|10|0|1|0|19|3|1|0|0|0|0|0|0|1|1|1.35|132|17|0|0|91.3|1|0|227|0|1.01|0|0|0|0|0|0|0|8.7705|24.7423|43|4207|118|0|0|0|71.0227|71.0227|0|0|4|6.2445|0|14.53|4.7835|3|5|3|3|0|3|3|3|0|3|3|1|3|3|3|2|3|3|5|3|3|0|4|3|2|6|0|3|1|3|3|4|5|2|4|3|3|3|4|3|3|3|3yF  M07s|M07s|3yF  M07s|null|2014-05-31|2014-05-31|2014-05-31|2014-05-31|null|She's Fancy|She's Fancy|She's Fancy|Velazquez Mario          |M07 |2014-05-24|Velazquez Ma|MCL7000     |drift,trailed         |NP|Marks Garry         |Garry Marks|2|2|2|2|14:00:00|null|null|NP|drift,trailed         |null|null|null|null|null|null|null|null|null|null|null|null|null|null|null|null|D|B+|Marks Ga/Velazq|NP|NP|NP|NP|Marks Garry              |C5g|B5g|   |   |0|0|5|0|0
-4|0|0|1|0|4.5|3.75|4|2.5|2|-0.1|1.5|0.1|7|0|4|5|4|2|5|1|7|2|10|0|23.11|22.2|22.62|22.84|22.8|48.29|23|23.11|22.71|0|4.5|7.75|2|1.5|2.5|1|2.75|-2.5|9|0|3|7|4|2|4|2|7|1|8|0|47.62|46|47.04|47.22|45.62|72.62|46.82|47.79|46.69|0|4|9.5|18.5|0|92|0|7|1|10|33.7|33.7|0|0|0|0|0|0|0|0|0|0|0|0|0|0|0|0|1|0|0|0|0|0|0|0|0|0|0|0|0|0|0|0|-1|0|0|0|0|0|0|0|0|0|0|0|0|8|86|2|-5|4|4|0|0|-1|1|1|1|1|1|5|5|1|1|1|0|5.5|5.5|5.5|5.5|1|1|-18|52.99|90|90|90|95|1661|1904|0|7.4|2|3|0|7|7|0|0|7|7|0|11.25|15.25|-1.25|-0.75|7.5|15.75|3.5|-3|20.75|0|66.2|72.46|74.24|67.04|65.28|104.38|65.55|61.14|79.47|0|57.9147|0|0|0|56.2007|50.5923|0|0|0|0|1|3|4|2|0|0|0|34|41790|41790|110|69|47|226|2|31|10|0.93|743|17|2|3|2|352|0|0|0|0|40.8098|3|3|0|0|-60.4328|-20|14.03|14|14.0281|27.1948|10.0056|7|9|12|90.2385|1|6|202|2|44|5.5|0|4|9|33|0|0|3|9|6.4|0|0|0|81.192|4|4|0|1|0|0|0|10|0|3|0|0|0|4|2|8|8|8|0|0|0|0|0|0|0|1|0|0|0|0|1|0|0|0|0|1|0|0|0|0|0|0|0|0|0|0|0|0|0|0|3|33.7|0|42|0|0|2|4|88|90|7.113|418|87|30|5|0|-1|null|-1|-1|-1|-1|-1|0|-1|-1|-1|2|2013-11-10|5.5|3|4|78.1088|81.192|4|32.4|95|1|2|2013-09-21|6|7|8|86.4544|79.376|1|35.2|95|3|2|2013-09-02|6|4|1|88.1992|87.0456|2|28.4|86|1|2|2013-08-02|5.5|2|1|85.9256|88.9|5|27.2|87|1|2|2013-07-06|5.5|4|3|91.8992|82.5432|6|31.6|91|1|2|2013-06-25|8.5|1|6|96.0152|87.8456|8|29.6|98|4|2|2013-06-13|5.5|7|6|87.4096|90.4952|3|24.8|94|4|4|2013-05-03|5|1|1|89.0816|86.944|11|28.8|85|1|4|2012-12-29|6.5|8|10|81.46|76.488|6|38.8|96|1|3|3|3|0|7|84.4574|0|10|3|0|4|1|19|5|5|5|5|0|3|0|0|3|0|1|2|0|0|4.5|11.5|0.5|0.5|4.5|7|4.5|-2.5|16.5|0|0|4|7|2|2|4|6|6|1|8|0|50.2|1|1|1|1|16|15|18|11|0|1|-1|2|0|3|340|96.0152|352|90.4952|352|24.8|0|0|0.17|25|4|2|4|24.5|1|0|145|0|0|0|0|0|0|0|0|0|14.0281|0.8696|36|3249|118|3|20|0|76.7645|76.7645|0|3|-3|18.5667|0|5.3797|14.6205|5|6|6|0|6|3|4|6|0|5|5|5|6|6|5|7|3|6|2|4|4|6|6|6|5|6|0|6|2|6|6|6|6|6|6|6|6|4|5|6|1|1|3uF  C04 |C04 |3uF  C04 |C         |2014-05-31|2014-05-31|2014-05-31|2014-05-31|(BB)|Cape Quay|Cape Quay|Cape Quay|Rosendo Irwin J.         |C04r|2013-11-10|Feliciano Ri|CLM4000     |evenly                |TDN|Girten-Drake Shirley|Michael J. Friedman|4|4|4|4|14:01:00|null|null|TDN|evenly                |TDN|through early         |TDN|angled 3w, driving    |TDN|stalked, edged clear  |TDN|passed tiring rivals  |PID|duel,gave way far turn|PID|evenly outside        |CRC|rail, drew clear      |GP|3wd, no rally         |D|D-|Edelman /Rosend|TDN|TDN|TDN|TDN|Edelman Don              |A4b|C3b|C3b|   |0|0|5|0|0
-4|0|0|1|6.5|6.5|8|7|11.5|7.25|5.75|9.25|9.5|6|10|7|5|6|6|6|8|9|9|5|23.05|23.4|22.95|23.36|23.72|49.7|24.04|23.33|22.82|23.02|7.25|9|8.5|9|21|8|1.75|11.75|9|3.25|8|7|6|6|6|4|5|9|9|5|47.7|47.46|47.01|49.2|47.82|77.18|49.5|47.85|46.85|47.54|0|11.7|16.5|15|0|89|0|5|1|80|63.9|63.9|0|0|0|0|0|0|0|0|0|0|0|0|0|0|0|0|0|0|0|0|0|0|0|0|0|0|0|0|0|0|0|0|-1|0|0|0|0|0|0|0|0|25|0|0|2|8|81|2|0|4|4|0|0|1|1|1|1|1|1|1|1|1|1|1|0|5.5|5.5|5.5|5.5|1|1|-41|52.73|90|90|90|95|103|2100|0|7.4|2|3|80|5|5|0|0|7|7|11.75|15.25|17|16.5|41.25|17.25|5|10.5|18.5|13.75|68.46|73.66|73.01|69.65|76.36|107.06|76.84|75.23|73.23|73.86|0|55.1327|0|0|0|55.324|49.5155|0|0|2|0|0|1|9|0|0|0|0|7|41790|41790|87|72|30|189|0|9|1|0.57|159|9|1|0|0|158|0|0|0|0|22.1275|0|0|0|0|-114.8552|-30|33.42|33.4|33.4199|46.39|29.2008|3|5|9|81.1681|0|2|20|2|25|6|0|7|58|5|0|0|0|9|30|0|0|0|74.5488|7|6|0|1|0|0|0|71|0|3|0|0|0|4|2|12|12|12|0|0|0|0|0|0|0|1|0|0|0|1|0|0|0|1|0|0|1|0|1|0|1|0|0|0|0|0|0|0|0|0|6|63.9|0|29|0|0|2|4|74|90|13.853|324|75|40|5|0|2|2013-09-28|5.5|8|5|79.6144|73.4656|10|40.8|86|1|2|2014-05-11|6|7|7|73.8376|74.5488|6|40|90|1|2|2014-04-05|6|6|6|75.7456|73.4784|4|40.8|91|1|2|2014-03-25|5.5|6|5|70.304|67.408|1|46.4|85|3|2|2013-12-26|6|6|6|69.896|-1|10|48.8|97|1|2|2013-12-22|8|6|6|86.14|75.7576|6|40.8|87|3|2|2013-12-06|6|5|7|79.5488|79.8488|10|36|83|3|2|2013-11-16|6|9|8|70.2728|75.4728|2|38.8|86|1|2|2013-11-04|6|9|9|79.344|74.0312|5|40.4|93|1|2|2013-10-08|6|5|7|84.7176|77.5552|4|37.6|91|1|5|5|5|0|3|77.7174|0|10|3|0|0|0|19|5|5|5|5|0|5|0|0|3|0|1|2|0|11.5|10.5|18|10|33|12|2.25|11.75|17.5|11.5|0|6|7|6|5|6|4|6|8|9|7|0|50.2|1|1|1|1|9|9|12|3|0|0|-1|3|0|6|160|86.14|176|79.8488|176|36|0|0|2.86|24|8|0|4|24.5|1|0|93|0|2.9467|0|0|0|0|0|0|0|33.4199|0.8696|36|2922|118|-4|20|0|65|65|0|0|0|0|0|0|0|7|7|7|6|7|7|3|7|4|7|7|7|7|7|7|6|7|7|7|7|7|7|7|7|7|7|0|7|5|7|7|7|7|7|7|7|7|7|6|6|6|6|3uF  C04 |C04 |3uF  C04 |C         |2014-05-31|2014-05-31|2014-05-31|2014-05-31| AB |Sheri's Gold|Sheri's Gold|Sheri's Gold|Velez Juan J. L.         |C04r|2014-05-11|Ccamaque Mar|CLM4000     |trailed               |TDN|Knowles Lucinda C.  |Edward R. Schuster|6|6|6|6|14:01:00|MNR|passed tiring rivals  |TDN|trailed               |MNR|always outrun         |MNR|slow,wide,no factor   |MNR|never involved        |MNR|played no factor      |MNR|bid 6wi turn, leveled |MNR|not involved, 9wi lane|MNR|slow,mid track,no fact|MNR|evenly, wilted 6 wide |D|C+|Schuster/Velez |TDN|TDN|TDN|TDN|Schuster Edward R.       |   |   |   |   |0|0|5|0|0
1.1|1.275|1.05|1|-1.5|-0.1|0.5|-2|-2|1|3|0.1|-2|0.1|1|1|2|1|1|3|4|2|1|2|22.2|22.4|22.04|22.54|22.09|22.48|22.22|22.26|22.26|22.43|-2|-0.1|0.1|-8|-2.5|1|1.25|2.5|-1.5|3.5|1|1|2|1|1|2|4|3|1|4|45.68|46.2|45.6|46.4|45.95|46.34|46.82|46.42|46.42|46.41|0|0|0|0|0|95|0|1|1|1.4|0.5|0.5|0|0|0|0|0|0|1|1|1|0|0|0|0|0|0|0|0|1|0|0|0|0|1|1|1|1|1|0|0|0|0|0|47|0|0|0|0|0|1|0|1|82|0|0|1|8|95|2|-5|4|4|1|0|1|1|1|1|5|5|1|1|1|5|1|0|5.5|5.5|5.5|5.5|1|1|6|53.93|90|90|90|95|2485|2591|1|7.4|2|3|85|1|1|0|0|7|7|0.1|-0.05|1.5|-14.5|1.5|4.75|0.2|7.25|4|21.25|72.24|66|72.82|58.92|65.21|72.86|60.24|66.26|73.4|72.69|4|60.2954|2|0|0|56.8286|49.9887|0|0|0|0|4|3|4|0|0|0|0|61|41790|41790|128|82|44|254|1|52|10|0.91|580|17|0|8|2|318|0|0|0|0|45.8636|7|7|0|1|5.6903|6|1.8|1.8|1.8005|17.1892|0|36|22|15|110.7229|0|2|20|2|73|5.5|1|1|15|20|0|1|6|9|0.5|0|0|4|95.104|1|2|0|1|0|1|1|52|1|3|0|0|0|4|2|2.5|2.5|2.5|0|0|0|0|0|0|0|0|0|0|0|0|0|0|0|0|0|0|0|0|0|0|0|0|0|0|0|0|0|0|0|0|0|0.5|4|85|0|0|2|4|100|90|0|338|93|16|5|1|2|2013-07-10|6|1|2|95.3856|89.7|3|26|89|3|2|2014-05-11|5.5|1|1|98.152|95.104|2|20.8|95|1|2|2014-04-27|6|2|2|101.9576|91.5752|5|24.4|92|1|1|2014-03-03|5|1|1|97.884|98.776|8|17.2|99|3|2|2013-12-28|5.5|1|2|98.0184|91.8032|5|23.6|93|4|2|2013-12-12|6|2|4|98.528|88.1424|9|27.6|92|4|2|2013-11-17|5|4|3|91.6904|88.712|3|26.8|88|1|1|2013-11-08|5.5|3|5|92.1664|84.624|7|29.6|93|3|2|2013-07-28|6|1|4|94.176|85.0312|6|30.8|88|1|2|2013-07-21|6|4|6|95.636|73.8864|5|41.2|95|4|7|7|7|0|36|91.5704|1|10|3|0|28|7|19|5|5|5|5|0|1|0|0|1|0|1|2|1|-1.5|-3.5|-0.1|-8|-1|3.5|1.25|1.5|-0.5|10.75|0|1|1|1|1|1|3|4|3|1|6|0|50.2|1|1|1|1|34|35|32|22|0|4|18|43|10|0|34|101.9576|89|98.776|89|17.2|0|0|0.88|445|15|2|0|24.5|15|3|287|0|0.734|0|0|0|0|0|1|0|1.8005|20.8696|36|3986|120|2|20|4|76.0287|76.0287|0.05|0|20|1.5197|0|41.7756|1.0115|1|1|2|1|1|1|1|1|2|1|1|6|3|1|1|3|6|1|4|1|1|1|1|1|4|1|0|1|3|1|1|1|1|5|1|1|1|1|3|2|2|2|3uF  C04 |C04 |3uF  C04 |C         |2014-05-31|2014-05-31|2014-05-31|2014-05-31| BB |Devaney|Devaney|Devaney|Gonzalez Luis Antonio    |C08r|2014-05-11|Gonzalez Lui|CLM7500     |drifted,just lasted   |TDN|Faulkner Rodney C.  |Hamilton, Debbie and Ski|8|8|8|8|14:01:00|TDN|pace, just failed     |TDN|drifted,just lasted   |TDN|led1/8p,chckd,clm foul|MNR|set pace, drew away   |TP|inside turn, 2nd best |TP|bid 4w, weakened      |TDN|swung wide, gaining   |TDN|battled,weakened lane |TDN|pace, faltered late   |PID|pressed, through early|D|C |Faulkner/Gonzal|TDN|TDN|TDN|TDN|Faulkner Rodney C.       |   |   |   |   |1|2.1|5|2.1|3
-4|0|0|1|10|0.5|4.5|2|2.75|2|1|1.5|0.1|-1|4|2|5|2|6|4|2|3|2|1|48.47|22.42|22.24|22.46|22.62|23.22|22.86|22.6|22.8|22.44|6.5|4|1|1|5|2.75|1|2|-1.5|-1.5|3|2|3|2|4|5|2|3|1|1|73.8|47.24|47.08|46.44|46.64|47.02|46.86|46.48|47.4|46.44|0|4|7.5|15.5|0|95|0|6|1|4|5.2|5.2|0|0|0|0|0|0|0|0|0|0|0|0|0|0|1|0|0|0|0|0|0|0|1|0|0|0|0|0|0|0|0|0|40|0|0|0|0|0|0|0|0|68|0|0|1|8|90|2|-14|4|4|1|0|4|1|1|1|1|1|1|1|1|1|1|0|5.5|5.5|5.5|5.5|1|1|-8|52.64|90|90|90|95|1647|1256|0|7.4|2|3|75|6|6|0|0|7|7|13.75|8.75|-6.75|-1|2.75|4|5.25|0.1|-1|3.25|100.95|59.84|73.64|74.28|67|66.06|73.08|67.08|67.66|73.02|0|59.0637|0|0|0|56.2837|51.8099|0|0|0|0|2|3|5|0|0|2|0|40|41790|41790|120|76|52|248|2|30|5|0.88|627|17|2|2|2|329|0|0|0|0|42.885|4|4|0|0|-5.6903|-6|4.06|4.1|4.0569|22.3876|5.1984|20|20|17|105.0326|2|2|17|2|68|5|0|5|20|15|0|0|7|9|3.3|0|0|3|91.772|2|8|0|3|0|1|1|28|0|3|0|0|0|4|2|4.5|4.5|4.5|0|0|0|0|0|0|0|0|0|0|0|0|0|0|0|0|0|0|0|0|0|0|0|0|0|0|0|0|0|0|0|0|0|5.2|0|68|0|0|2|4|93|90|1.3414|238|93|22|5|0|4|2013-06-23|8|4|7|92.4656|80.8064|1|35.2|90|2|2|2014-05-14|5|2|5|94.8|91.772|8|22.8|104|3|2|2013-11-09|6|3|1|92.7752|93.3432|8|22.4|93|1|2|2013-10-20|6|2|1|95.6024|87.9776|8|27.6|87|3|2|2013-10-06|5.5|4|3|86.5008|87.0296|8|29.2|89|1|2|2013-09-08|5.5|5|5|82.2296|86.9704|2|28.4|91|1|2|2013-08-25|6|2|3|89.7112|85.972|4|29.6|90|1|2|2013-08-11|5.5|3|2|91.2168|87.516|7|28.8|86|1|4|2013-07-26|5.5|1|1|85.4888|83.272|7|32.4|81|1|4|2013-07-12|6|1|2|90.5152|84.092|8|31.6|86|1|1|1|1|0|20|90.229|0|10|3|0|20|5|19|5|5|5|5|0|2|0|0|2|2|1|2|0|5|4|-5|0.1|4.5|2.5|2|0.5|-1.5|0.1|0|5|3|1|2|3|5|2|3|1|2|0|50.2|1|1|1|1|24|27|32|14|0|1|32|53|12|0|223|95.6024|203|93.3432|203|22.4|0|0|0.86|377|26|2|0|24.5|9|3|428|1|0|0|0|0|0|0|0|0|4.0569|33.913|36|3781|118|-4|20|0|69.5428|69.5428|0|0|6|3.9026|0|21.471|2.9138|1|2|1|4|5|4|6|3|6|3|4|2|1|4|3|4|1|2|3|3|3|4|2|2|2|2|0|2|7|1|2|2|3|1|2|3|1|3|1|1|4|4|3uF  C04 |C04 |3uF  C04 |C         |2014-05-31|2014-05-31|2014-05-31|2014-05-31|(BA)|Fiona Will Win|Fiona Will W|Fiona Will Win|De La Cruz Walter        |C04r|2014-05-14|Rosario, Jr.|CLM4000     |pressed,weakened lane |TDN|Morales Nabu        |Lomor Stable Inc. (Cathe|1|1|1|1|14:01:00|CNL|gave way              |TDN|pressed,weakened lane |TDN|quick move, drew off  |TDN|perfect trip, driving |TDN|finished well, 4path  |TDN|evenly                |TDN|chased 2w,outfinished |TDN|3 wide, just missed   |TDN|dueled, clear, driving|TDN|set pace, second best |D|A |Morales /De La |TDN|TDN|TDN|TDN|Morales Nabu             |A4b|   |   |   |0|0|5|0|0
